scenario,topology,repetitions,simulations,coverage_pct,wilson_low_pct,wilson_high_pct,calibration_gap_pp,p50_bias_kwh,p50_mae_kwh,p50_rmse_kwh,median_interval_width_kwh,mean_interval_score,median_interval_score,median_true_missing_kwh,successes,one_sided_binomial_p,holm_adjusted_p,undercoverage_reject_holm_0_05
stable,1x120,1000,2000,88.8,86.69499763240903,90.6080459091119,-1.2,0.0013776232849357938,0.04731070149765549,0.059582102783327616,0.18614050059301235,0.25095040066142904,0.18827149008026822,1.6020418910201395,888,0.11385744267689152,0.6831446560613491,false
stable,2x60,1000,2000,89.1,87.01675082488096,90.88399666154862,-0.9,0.0002981815939126022,0.04623879277572706,0.05770083122649145,0.18605505381921716,0.2338234935263322,0.1878518479196316,1.6019143675532395,891,0.18434757631792786,0.9217378815896393,false
stable,4x30,1000,2000,90.5,88.52455602057478,92.16547654209526,0.5,-0.001237707340724512,0.044366233994516335,0.0560419263671395,0.18630531373867143,0.2340658383413768,0.18781677336392022,1.6005423612114436,905,0.715779841871274,1,false
stable,6x20,1000,2000,90.4,88.41648792420682,92.07430999016033,0.4,0.00018566637110336616,0.043836513347655,0.055011894517828584,0.1866479389632616,0.22532942853531335,0.18755988386871536,1.6006468346907046,904,0.6784459233543725,1,false
day_night,1x120,1000,2000,89.2,87.12410199098767,90.97588014374482,-0.8,-0.001511876735588089,0.04284709954960425,0.053381286597917195,0.17155132073197876,0.22180154028542914,0.1740426069649459,1.500285931125756,892,0.21304077727395052,0.9217378815896393,false
day_night,2x60,1000,2000,90.4,88.41648792420682,92.07430999016033,0.4,-0.003928277425680989,0.04250699652833984,0.052903672272205354,0.17516991324140463,0.21557040079700418,0.1779401981934683,1.4508394907788054,904,0.6784459233543725,1,false
day_night,4x30,1000,2000,83.6,81.17726060331938,85.7655812264513,-6.4,0.0029141969150643663,0.0508736423478002,0.06325926262553257,0.17566236973145521,0.2651144358449847,0.17785974443107477,1.4296814629435508,836,2.720432414552693e-10,1.904302690186885e-09,true
day_night,6x20,1000,2000,80.3,77.72091460935388,82.64718382642148,-9.7,0.005380496064118659,0.05428260751426282,0.06746393797096713,0.17560951329025443,0.29225420208967523,0.17859564045622278,1.4280533151608927,803,3.3096141579827886e-20,2.647691326386231e-19,true
ar_moderate,1x120,1000,2000,61.4,58.34448620601525,64.36826370051409,-28.6,-0.0022407658465974974,0.1352094773802735,0.17126351965055833,0.28971320222326824,1.0431519527724873,0.3112701644632381,1.451118978953504,614,1.1075839561751538e-126,1.3291007474101847e-125,true
ar_moderate,2x60,1000,2000,64.2,61.17948042178514,67.11183963722509,-25.8,-0.0033796299092855977,0.12583761009554473,0.15977199833612662,0.29137590963220816,0.9194087060306552,0.3104897994801803,1.4490958337667426,642,2.5837410917257567e-106,2.842115200898332e-105,true
ar_moderate,4x30,1000,2000,68.1,65.14663972750635,70.91483161531656,-21.9,-0.00040708996088366687,0.1171268058984518,0.1469690821928125,0.2919997964035872,0.7867611914140324,0.3036707925752893,1.449930432393971,681,2.0231413181572657e-80,2.0231413181572655e-79,true
ar_moderate,6x20,1000,2000,72.6,69.75311299399661,75.27391752245632,-17.4,0.002087172026380216,0.10774323392495896,0.1351157469106488,0.2928887753613907,0.6771255571140652,0.30115584103768356,1.4352753383225911,726,2.501823827903167e-54,2.2516414451128503e-53,true
ar_high,1x120,1000,2000,28.6,25.885269614280205,31.47851564890155,-61.4,0.01259227666085755,0.3814403527906717,0.47179387284090635,0.3621112536127242,4.943021536198492,3.673217017457688,1.389746314202644,286,0,0,true
ar_high,2x60,1000,2000,38.9,35.926319596567,41.95863444181233,-51.1,0.010519982074333654,0.29008220507307486,0.3636087805894273,0.3633647874264625,3.236668772401387,1.7136169855680947,1.4372210890910901,389,0,0,true
ar_high,4x30,1000,2000,51.3,48.20302687300169,54.38702355493588,-38.7,0.006082975820917085,0.21267456842487448,0.26930509658220647,0.36845706832831127,1.9429385978904474,0.45487780163306013,1.4205581630507553,513,7.336441430524468e-212,1.0271018002734254e-210,true
ar_high,6x20,1000,2000,59.1,56.0235954911328,62.106757504430085,-30.9,0.005596074203089017,0.17761977271637272,0.2243239633602065,0.3697693212936315,1.3871885977745142,0.40453915102627036,1.4192339151759024,591,1.7344825135243792e-144,2.254827267581693e-143,true
