nominal_duration_min,active_start,method,cases,distinct_dates,coverage_pct,cluster_ci_low_pct,cluster_ci_high_pct,p50_bias_kwh,p50_mae_kwh,p50_rmse_kwh,median_width_kwh,mean_interval_score
20,False,C0,192,60,100.0,100.0,100.0,0.06284889037796554,0.06497093444155123,0.10644702283596126,0.2834148764270833,0.3206311733562102
20,False,C2,192,60,100.0,100.0,100.0,-0.0018226802018232273,0.0018226802018232273,0.0252557977240618,0.6631521922525239,0.6402254214477158
20,True,C0,50,28,50.0,34.146341463414636,63.26530612244898,-0.3219136513680412,0.3444693475791486,0.43644086665048837,0.2784499423611111,2.882074707668136
20,True,C2,50,28,80.0,65.78947368421053,91.11111111111111,-0.37581245666943003,0.37581245666943003,0.47427464091860183,0.6655781266874043,2.0343261869164193
30,False,C0,192,60,99.47916666666666,98.38709677419355,100.0,0.09860482855191426,0.10500879084792214,0.15168846109520634,0.32814595727430557,0.43492061018635203
30,False,C2,192,60,100.0,100.0,100.0,-0.005184339165220209,0.005184339165220209,0.06250949628824154,0.9867933297722824,0.9661868398997058
30,True,C0,50,28,42.0,26.31265664160401,55.93389830508472,-0.4675864402740534,0.5019341376647988,0.6447762438160747,0.44051094004282404,4.964215141392864
30,True,C2,50,28,78.0,63.0388198757764,89.47368421052632,-0.5610294002249794,0.5610294002249794,0.7126289731547957,1.0611652230018116,2.925739184001045
60,False,C0,191,60,76.43979057591623,72.63157894736842,80.39240319243275,0.21738650461296452,0.26610630890191883,0.3626972721515492,0.5627498408263889,1.2587410769305036
60,False,C2,191,60,100.0,100.0,100.0,-0.037251078510035784,0.037251078510035784,0.23610251475368835,1.9742357634025907,1.8320159827140696
60,True,C0,50,28,26.0,13.884803921568631,39.21568627450981,-0.8761665322342583,0.9208249415962833,1.2354318419523131,0.5795408548431713,12.090476968305367
60,True,C2,50,28,70.0,55.00000000000001,82.6923076923077,-1.1310128344768848,1.1310128344768848,1.4324618894650663,2.1167935501520247,5.3147943159129065
120,False,C0,190,60,33.1578947368421,25.413926159782513,41.37977382276603,0.46956863730555476,0.6552671611848232,0.9417855249439169,0.7626730900512152,6.144771062135746
120,False,C2,190,60,98.94736842105263,97.2972972972973,100.0,-0.060137979658946066,0.20387432952205067,0.7494385484619698,3.401295014937583,3.448223693538661
120,True,C0,51,29,29.411764705882355,16.3265306122449,41.81818181818181,-1.3976905654526524,1.4679497200330127,1.9983031844600685,1.0112723536319441,21.025020098388865
120,True,C2,51,29,78.43137254901961,65.3061224489796,88.88888888888889,-1.9141593286152556,1.9561133337032985,2.456821133613886,3.611548132823851,9.544007459790487
240,False,C0,155,60,18.064516129032256,11.874421296296296,24.648356807511732,0.8861589288478148,1.4444818297209219,2.1766542649230636,1.0274461995746527,18.533967191598975
240,False,C2,155,60,97.41935483870968,94.48275862068965,99.39403066812706,0.49948165191825383,1.091275360717173,2.1752281388185253,4.06040213491531,6.156390895858506
240,True,C0,37,23,18.91891891891892,5.714285714285714,34.21052631578947,-1.9677994701559474,2.43195954723583,3.314025449552195,1.1897549348229166,37.12618794658423
240,True,C2,37,23,81.08108108108108,66.66666666666666,92.5,-2.3582571174447984,2.795651575772297,3.495055070250797,4.559732021848119,17.961900254427213
480,False,C0,65,46,9.230769230769232,3.0303030303030303,16.39344262295082,1.4097070240658416,2.7564468286347474,3.518992441842648,1.8878735289677373,38.98218564967748
480,False,C2,65,46,93.84615384615384,87.5,98.52941176470588,0.6854053023241216,2.3407680098178916,3.473373681445193,6.8327801438264295,11.63326389789546
480,True,C0,19,17,10.526315789473683,0.0,26.31578947368421,-2.2751569735037527,2.8515992579861127,3.5467403421977473,1.6511716833945318,40.909693292423505
480,True,C2,19,17,68.42105263157895,44.44444444444444,88.88888888888889,-3.248672147012536,3.483930873090125,4.27934806928533,5.753929392514923,20.34781524815612
