on_probability,duration_min,segments,donor_days,repetitions,simulations,coverage_pct,wilson_low_pct,wilson_high_pct,theoretical_pointwise_coverage_pct,variance_ratio_pointwise_to_persistent,sd_ratio,median_interval_width_kwh,mean_p50_error_kwh,mean_empirical_on_fraction
0.2,20,4,40,1000,2000,80.2,77.61662,82.552244,80.0,0.25,0.5,0.25,-0.009,0.201375
0.2,30,6,40,1000,2000,79.5,76.88723,81.886991,80.0,0.1666667,0.408248,0.375,-0.015625,0.199625
0.2,60,12,40,1000,2000,51.3,48.20303,54.387024,80.0,0.0833333,0.288675,0.5,0.009875,0.201025
0.5,20,4,40,1000,2000,66.4,63.41464,69.259841,100.0,0.25,0.5,0.375,-0.004938,0.5013
0.5,30,6,40,1000,2000,8.8,7.1981,10.717225,0.0,0.1666667,0.408248,0.5,-0.013062,0.49675
0.5,60,12,40,1000,2000,0.0,0.0,0.382676,0.0,0.0833333,0.288675,0.75,0.003375,0.5015
0.8,20,4,40,1000,2000,79.1,76.47095,81.506331,80.0,0.25,0.5,0.25,0.01225,0.797275
0.8,30,6,40,1000,2000,77.8,75.12054,80.266696,80.0,0.1666667,0.408248,0.375,0.02775,0.79985
0.8,60,12,40,1000,2000,52.0,48.90177,55.082921,80.0,0.0833333,0.288675,0.5,-0.0045,0.80015
