duration,method,n,coverage,ci_low,ci_high,bias,mae,rmse,score,width,c2_minus_c0_score_diff,score_diff_ci_low,score_diff_ci_high
20,C0,242,0.7892561983471075,0.7478492216558755,0.8305785123966942,0.012020123964072538,0.12307510773358585,0.22778833100375873,0.8288313565144627,0.3255140754458218,-0.014340290105676029,-0.15856819802704744,0.12920434233775308
20,C2,242,0.9297520661157025,0.889344262295082,0.9666666666666667,0.012998717893707903,0.13445635401629838,0.2642992757404613,0.8144910664087869,0.46791170201256915,-0.014340290105676029,-0.15856819802704744,0.12920434233775308
30,C0,242,0.7272727272727273,0.6762295081967213,0.775,0.03212776623163452,0.19280176853879705,0.3357479625948691,1.6030894669933997,0.38700621859349166,-0.4017857714816495,-0.6262394693412826,-0.18158595503901795
30,C2,242,0.9297520661157025,0.8916666666666667,0.9628099173553719,0.014469526074379069,0.20382953183884114,0.40383246913750037,1.2013036955117504,0.697089036311813,-0.4017857714816495,-0.6262394693412826,-0.18158595503901795
60,C0,241,0.6763485477178424,0.6188524590163934,0.7302904564315352,0.1022995108010604,0.40989406751267865,0.6728873519950508,4.26788953218724,0.5733544410669086,-1.7864066602084017,-2.2737475415916912,-1.3413088949735865
60,C2,241,0.921161825726141,0.8796680497925311,0.9585062240663901,-0.01743590953492695,0.3746262755699611,0.7445935293650285,2.481482871978838,1.375254697695771,-1.7864066602084017,-2.2737475415916912,-1.3413088949735865
120,C0,241,0.4149377593360996,0.35655737704918034,0.47717842323651455,0.24711723123271087,0.8232494569634623,1.2972884635733466,10.09386860841586,0.8432325570442598,-5.520416042895477,-6.4835625253465174,-4.570329050087337
120,C2,241,0.9336099585062241,0.8991596638655462,0.9626556016597511,-0.08535130759335921,0.6812261796876456,1.4039028366372457,4.573452565520382,3.0138526022054997,-5.520416042895477,-6.4835625253465174,-4.570329050087337
240,C0,192,0.20833333333333334,0.145,0.27869499568593603,0.4288775432559316,1.62023566343533,2.516201955494869,22.254683710880496,1.2699333226093747,-14.211235962970507,-16.842618952267944,-11.497681124309063
240,C2,192,0.9270833333333334,0.8913015318765487,0.9593908629441624,0.03322636948350725,1.3881402137717034,2.53274263706327,8.043447747909989,4.973809972507752,-14.211235962970507,-16.842618952267944,-11.497681124309063
480,C0,84,0.13095238095238096,0.06097560975609756,0.2087912087912088,0.9121250170849865,3.1456419627595897,4.1128435991525,46.692364111592916,1.972959517836309,-31.84359228298059,-37.75378861450265,-26.1296260398956
480,C2,84,0.8333333333333334,0.7560975609756098,0.9036144578313253,0.35204552564153657,2.8425825874041024,4.099709692652864,14.848771828612328,7.920922342137421,-31.84359228298059,-37.75378861450265,-26.1296260398956
