nominal_duration_min,method,cases,distinct_dates,coverage_pct,cluster_ci_low_pct,cluster_ci_high_pct,p50_bias_kwh,p50_mae_kwh,p50_rmse_kwh,median_width_kwh,mean_interval_score
20,C0,242,61,89.6694214876033,85.41666666666666,93.44262295081968,-0.016647502544763115,0.12271854046171597,0.21987578658041576,0.2834148764270833,0.8498550440818147
20,C2,242,61,95.86776859504133,93.0327868852459,98.34710743801654,-0.07909329517446927,0.07909329517446927,0.2167499413490894,0.6634706443281331,0.9282627696850512
30,C0,242,61,87.60330578512396,83.33333333333334,91.73553719008265,-0.018376838560888988,0.18701816002496277,0.32272485889961083,0.3300405239120371,1.3707252653943087
30,C2,242,61,95.45454545454545,92.56198347107438,97.93388429752066,-0.12002836004533574,0.12002836004533574,0.328672703870407,0.9868615252766175,1.3710530266975032
60,C0,241,61,65.97510373443983,60.924369747899156,70.90295728181754,-0.00949171879932236,0.401940050124816,0.6487796084103938,0.5636425425,3.5059891871742517
60,C2,241,61,93.7759336099585,90.87136929460581,96.31748162803837,-0.2641726046442368,0.2641726046442368,0.685488386807142,1.9757146599907216,2.55458410163499
120,C0,241,61,32.365145228215766,25.81967213114754,39.004149377593365,0.07442249896253175,0.8272456279950211,1.2426988293905195,0.790412731875,9.293703430803419
120,C2,241,61,94.6058091286307,91.70124481327801,97.1311475409836,-0.4524827464505302,0.5746800938923562,1.3115344034195826,3.4352877244354882,4.738202830795272
240,C0,192,61,18.229166666666664,12.369737443502109,24.352976052380576,0.3361773623731315,1.634777014867024,2.437473269582652,1.0489620989671584,22.116843066257587
240,C2,192,61,94.27083333333334,91.09947643979058,97.03006877042382,-0.051228423427751024,1.419722860493421,2.4847145979603344,4.060549797376629,8.431410928499348
480,C0,84,55,9.523809523809524,3.7037037037037033,15.853658536585366,0.5762258817584333,2.7779694019404135,3.52528786635786,1.8295304106205874,39.41816952125099
480,C2,84,55,88.09523809523809,81.31696428571429,94.25287356321839,-0.20444554931155073,2.599340562224706,3.6711952860458688,6.620237521315024,13.604412417597281
