duration,active,method,n,coverage,ci_low,ci_med,ci_high,bias,mae,rmse,score,width
20,false,C0,186,0.8225806451612904,0.7905759162303665,0.8225806451612904,0.8563226328824538,0.0700349667973417,0.0700349667973417,0.16514873582891249,0.422106728619997,0.2898521709004629
20,false,C2,186,1.0,1.0,1.0,1.0,0.06953274698476555,0.06953274698476555,0.19228183844825147,0.4151704004604952,0.4151704004604952
20,true,C0,56,0.6785714285714286,0.5384615384615384,0.6792452830188679,0.8,-0.1806720325892857,0.2992441472718254,0.3655670064019559,2.1797381563067955,0.4439625441143353
20,true,C2,56,0.6964285714285714,0.5614035087719298,0.6981132075471698,0.8269230769230769,-0.17477502158730499,0.35009547737103247,0.4231650540891709,2.1408061354513266,0.6430881678819574
30,false,C0,186,0.8172043010752689,0.7853403141361257,0.8172043010752689,0.8514340659340659,0.12024904935782556,0.12024904935782556,0.24819180101420538,0.9349727412809886,0.34421457309102443
30,false,C2,186,1.0,1.0,1.0,1.0,0.10218408460050545,0.10218408460050545,0.28386544742681247,0.6199522750812413,0.6199522750812413
30,true,C0,56,0.42857142857142855,0.2903225806451613,0.42857142857142855,0.5714285714285714,-0.2605607812946429,0.4337804429613095,0.5315478476764987,3.8221914488239093,0.5291356125838292
30,true,C2,56,0.6964285714285714,0.5686274509803921,0.6981132075471698,0.8235552115583071,-0.2768681147445407,0.5414376244518847,0.6611369579344207,3.132220913370228,0.9532932789704979
60,false,C0,184,0.8152173913043478,0.7839195979899497,0.8146067415730337,0.8502681802171058,0.2838846105970712,0.2838846105970712,0.5120934932893751,2.6515876209341784,0.5165110103423912
60,false,C2,184,1.0,1.0,1.0,1.0,0.17878232286080503,0.17878232286080503,0.48661168648027664,1.2303321494799935,1.2303321494799935
60,true,C0,57,0.22807017543859648,0.125,0.22641509433962265,0.35,-0.4838699341544834,0.8166614372051657,1.0333664741360709,9.485425526407653,0.7568490244583332
60,true,C2,57,0.6666666666666666,0.5409590163934427,0.6666666666666666,0.7924690956408587,-0.6508421334088689,1.0068242983503948,1.2568798287836822,6.520285204255813,1.843074853339684
120,false,C0,182,0.4725274725274725,0.40540540540540543,0.47191011235955055,0.5434782608695652,0.607746248780525,0.607746248780525,1.035035823763481,6.661139317488782,0.7740921647018467
120,false,C2,182,0.9945054945054945,0.9827586206896551,0.9945652173913043,1.0,0.29642479862332444,0.299057197947195,0.8638105631926468,2.722854014819431,2.7083198133237048
120,true,C0,59,0.23728813559322035,0.14035087719298245,0.23636363636363636,0.3484936575052853,-0.8653316025588512,1.4880220652565914,1.889382809873202,20.682965743140066,1.056513089354755
120,true,C2,59,0.7457627118644068,0.6326455582232894,0.75,0.85,-1.263033533549909,1.8601203267514088,2.3977199752177043,10.282078603275856,3.956343578078156
240,false,C0,138,0.1956521739130435,0.12664960629921262,0.1956521739130435,0.2753623188405797,1.234501254400161,1.234501254400161,1.9951329443205428,15.513903731052535,1.1682626389349835
240,false,C2,138,0.9855072463768116,0.9637681159420289,0.9858156028368794,1.0,0.7986134987137692,0.8069554771739141,1.9005188864667009,4.521583443813516,4.5212926371911335
240,true,C0,54,0.24074074074074073,0.11363636363636363,0.23636363636363636,0.37735849056603776,-1.6299386074459878,2.606001375414095,3.5126428366363793,39.48112143710751,1.5297584031105966
240,true,C2,54,0.7777777777777778,0.6530612244897959,0.7796610169491526,0.8833333333333333,-1.9227629607716068,2.873390096188276,3.684770030957158,17.04376763615653,6.1302431627613325
480,false,C0,55,0.07272727272727272,0.01694915254237288,0.07142857142857142,0.15384615384615385,2.7541395139898985,2.7541395139898985,3.4144291989524063,39.12894837759899,1.9001892140484846
480,false,C2,55,0.8727272727272727,0.7894736842105263,0.875,0.9464285714285714,2.1091253701742434,2.1178362188459605,3.1618496998657135,7.846080837943694,7.630912246979062
480,true,C0,29,0.2413793103448276,0.1,0.2413793103448276,0.41379310344827586,-2.5813507529070883,3.88814660697797,5.185166362726303,61.03677326227109,2.110972162951149
480,true,C2,29,0.7586206896551724,0.6,0.7586206896551724,0.896551724137931,-2.980347282954977,4.217101562255752,5.451949665593936,28.129737500570087,8.47094148812741
