days,topology,method,repetitions,simulations,coverage_pct,wilson_low,wilson_high,calibration_gap_pp,p50_bias_kwh,mae_kwh,median_width_kwh,one_sided_binomial_undercoverage_p
14,6x20,current_hour,1000,2000,83.9,81.492999,86.047547,-6.1,0.011659,0.050260,0.175521,1.5003365220043043e-09
14,6x20,fine_15min,1000,2000,89.9,87.877026,91.617599,-0.1,0.011476,0.038012,0.166616,0.4734009187048337
14,6x20,oracle_exact,1000,0,90.4,88.416488,92.074310,0.4,0.003130,0.034767,0.150753,0.6784459233543725
30,6x20,current_hour,1000,2000,82.2,79.707318,84.446239,-7.8,0.002851,0.052006,0.175916,4.1016684326862556e-14
30,6x20,fine_15min,1000,2000,94.0,92.352893,95.310353,4.0,0.005815,0.035200,0.167756,0.9999975414686313
30,6x20,oracle_exact,1000,0,91.9,90.044280,93.435038,1.9,-0.002151,0.033955,0.150753,0.9823884253241638
60,6x20,current_hour,1000,2000,83.3,80.861794,85.483344,-6.7,0.008701,0.053022,0.176557,4.6276400447032505e-11
60,6x20,fine_15min,1000,2000,92.8,91.028822,94.243608,2.8,0.007461,0.037311,0.167909,0.9991396722260123
60,6x20,oracle_exact,1000,0,91.3,89.391352,92.892558,1.3,0.000351,0.036244,0.150753,0.9248941640411825
