scenario,comparison,mean_interval_score_difference,bootstrap95_low,bootstrap95_high
stable,2x60-1x120,-0.01712690713509687,-0.03503354588756601,0.00009468274855894871
stable,4x30-1x120,-0.016884562320052282,-0.03528554618911029,0.002228946566644263
stable,6x20-1x120,-0.025620972126115703,-0.04328131517315894,-0.008421833009281645
day_night,2x60-1x120,-0.006231139488424986,-0.02075534523235426,0.008071349286766793
day_night,4x30-1x120,0.04331289555955553,0.021904168262243565,0.06521671161560749
day_night,6x20-1x120,0.07045266180424604,0.04743583281740228,0.09296467102432879
ar_moderate,2x60-1x120,-0.12374324674183197,-0.22419165114830888,-0.02317866742442457
ar_moderate,4x30-1x120,-0.25639076135845473,-0.3606175774928607,-0.14912953327405226
ar_moderate,6x20-1x120,-0.366026395658422,-0.4687839617050392,-0.266707003428755
ar_high,2x60-1x120,-1.7063527637971037,-2.033023108410961,-1.3856403874836964
ar_high,4x30-1x120,-3.000082938308044,-3.327919316746894,-2.6658008229438073
ar_high,6x20-1x120,-3.5558329384239773,-3.8898030392108067,-3.236531544951598
