time_band,method,cases,distinct_dates,coverage_pct,cluster_ci_low_pct,cluster_ci_high_pct,p50_bias_kwh,p50_mae_kwh,p50_rmse_kwh,median_width_kwh,mean_interval_score
00-06,C0,281,60,66.54804270462633,60.7773851590106,71.73164080503918,0.03906148432735662,0.27513065037136647,0.5022404097957603,0.4066201186666666,2.3299957731846392
00-06,C2,281,60,95.72953736654804,91.07142857142857,99.2831541218638,-0.15343634731514247,0.15343634731514247,0.4979111612802541,0.9927410211169856,1.9811660774711461
00-12,C0,46,46,6.521739130434782,0.0,15.217391304347828,1.8821208631159498,2.965536549644466,3.3042006629510547,2.1102750103739867,40.49708807842235
00-12,C2,46,46,95.65217391304348,89.13043478260869,100.0,1.324145781702154,2.8335936101682018,3.275827962217218,7.681897744109479,8.785865275538686
06-12,C0,287,60,49.12891986062718,43.49315068493151,54.93045150334631,0.5088478496883968,1.1350806481974987,1.8438641937839746,1.0053398122685184,13.584550122531247
06-12,C2,287,60,96.16724738675958,90.87719298245615,100.0,0.09657764784690859,0.9215425356028777,1.856217944957957,2.8101149085977153,4.366016522237699
12-18,C0,294,61,56.12244897959183,47.63473294723295,64.21459842995169,-0.2198630757050318,0.6972856788841013,1.2579259337547137,0.6922180016727429,8.246065904296112
12-18,C2,294,61,94.5578231292517,88.96551724137932,98.64406779661017,-0.5485252027036165,0.5485252027036165,1.3613130193258733,2.177699797745303,4.640142085172541
12-24,C0,38,38,13.157894736842104,2.631578947368421,23.684210526315788,-1.0045943588322448,2.5509144336670873,3.7756381421236225,1.5778414519568866,38.112110215201426
12-24,C2,38,38,78.94736842105263,65.78947368421053,92.10526315789474,-2.054845581591299,2.3157710831352114,4.099089883023267,5.415143378115474,19.437390536931357
18-24,C0,296,61,70.27027027027027,62.83783783783784,77.21088435374149,-0.06978846166172586,0.26008570412217463,0.6862387555460702,0.33969528658391196,3.0091288893678643
18-24,C2,296,61,92.9054054054054,87.03071672354949,97.94538080321661,-0.18267905140812266,0.18267905140812266,0.7054513870370234,0.6113116912684116,2.563752665607458
