duration,start_active,method,n,coverage,ci_low,ci_high,bias,mae,score,width
20,false,C0,188,0.8191489361702128,0.7837837837837838,0.8541787790697672,0.0687421315647163,0.07081428865248227,0.42361252760379725,0.2911568375639036
20,false,C2,188,1.0,1.0,1.0,0.0693447118033377,0.07141686889110367,0.4183531609239776,0.4183531609239776
20,true,C0,54,0.6851851851851852,0.5306122448979592,0.8163265306122449,-0.18545649509002057,0.30502018157150207,2.2395932053145575,0.44512816288657403
20,true,C2,54,0.6851851851851852,0.5517241379310345,0.8235552115583071,-0.1831688164583366,0.3539271540817911,2.193637848467011,0.6404488450617395
30,false,C0,188,0.8138297872340425,0.7794871794871795,0.8494623655913979,0.118435614510195,0.12160117059618791,0.9412322760231235,0.34649123444510926
30,false,C2,188,1.0,1.0,1.0,0.10203258066119734,0.1051999369732541,0.6249878739551549,0.6249878739551549
30,true,C0,54,0.42592592592592593,0.28846153846153844,0.5714285714285714,-0.26835140925668727,0.4406853317463991,3.9073330207417705,0.5280583856286009
30,true,C2,54,0.6851851851851852,0.5483870967741935,0.8163265306122449,-0.29037962693158087,0.5472066398894037,3.2077365557458246,0.9481078978498076
60,false,C0,190,0.7894736842105263,0.75,0.8288770053475936,0.2615605595109649,0.3064984144524854,2.978931102333552,0.5201100649344298
60,false,C2,190,0.9894736842105263,0.9723756906077348,1.0,0.15850921146125357,0.2064839085080372,1.4224417307902615,1.2412723156294563
60,true,C0,51,0.2549019607843137,0.14279448621553886,0.37735849056603776,-0.4910259647848585,0.7950935593055555,9.069891525759804,0.7717158423447711
60,true,C2,51,0.6666666666666666,0.5344540229885058,0.8,-0.672917732854031,1.0010390156045796,6.426930260720597,1.8744047485310609
120,false,C0,190,0.45263157894736844,0.38578498912255255,0.5274801587301586,0.562690982876462,0.6638350245372807,7.508081959931506,0.7955804670513887
120,false,C2,190,0.9842105263157894,0.9631578947368421,1.0,0.2553541709356767,0.3682725980482487,3.157171464482874,2.8003506234273274
120,true,C0,51,0.27450980392156865,0.1590909090909091,0.40384615384615385,-0.9285496866557734,1.41714636208061,19.727191416494826,1.0207599511353485
120,true,C2,51,0.7450980392156863,0.6274509803921569,0.8510835303388492,-1.354646227603493,1.8471316799128505,9.849793922326786,3.809252130986926
240,false,C0,151,0.17218543046357615,0.10897435897435898,0.24342105263157895,1.1199064069720381,1.3499610493763796,17.114222997070087,1.2238559196657468
240,false,C2,151,0.9668874172185431,0.937054085155351,0.993103448275862,0.7070212804562201,0.9771729836663012,4.983987423942747,4.7736014694173186
240,true,C0,41,0.34146341463414637,0.18421052631578946,0.5106382978723404,-2.1161311987228997,2.6156372908231704,41.1866243885725,1.4396330261334684
240,true,C2,41,0.7804878048780488,0.6285714285714286,0.9024390243902439,-2.448310985562338,2.901702451476966,19.311216258130813,5.711163239987151
480,false,C0,71,0.09859154929577464,0.02857142857142857,0.1780821917808219,1.4051881106905324,3.291683800013693,49.266251008810656,1.9944653324334891
480,false,C2,71,0.8450704225352113,0.7638888888888888,0.921875,0.8636792030359975,2.8632121559585295,15.085172447068294,8.019556653367207
480,true,C0,13,0.3076923076923077,0.07692307692307693,0.5384615384615384,-1.7807580326068377,2.3480288516025642,32.63498182678846,1.855504684267094
480,true,C2,13,0.7692307692307693,0.5384615384615384,1.0,-2.4422614816666726,2.7299134052991536,13.557660758583598,7.382227257728578
